{
    "feature_names": [
        "calories",
        "fat_content",
        "saturated_fat_content",
        "cholesterol_content",
        "sodium_content",
        "carbohydrate_content",
        "fiber_content",
        "sugar_content",
        "protein_content"
    ],
    "min_": [
        0.0,
        0.0,
        0.0,
        0.0,
        0.0,
        0.0,
        0.0,
        0.0,
        0.0
    ],
    "scale_": [
        0.0009504799923961601,
        0.016778523489932886,
        0.04048582995951417,
        0.0039603960396039604,
        0.0005120065536838872,
        0.009345794392523364,
        0.09803921568627452,
        0.03571428571428571,
        0.016722408026755852
    ],
    "data_min_": [
        0.0,
        0.0,
        0.0,
        0.0,
        0.0,
        0.0,
        0.0,
        0.0,
        0.0
    ],
    "data_max_": [
        1052.1,
        59.6,
        24.7,
        252.5,
        1953.1,
        107.0,
        10.2,
        28.0,
        59.8
    ]
}